{
  "4_uniform": {
    "opener": "aore",
    "entropy": 4.66740284002435,
    "top20": [
      [
        4.66740284002435,
        "aore"
      ],
      [
        4.566691285046248,
        "roia"
      ],
      [
        4.509809508928864,
        "lora"
      ],
      [
        4.497023166475353,
        "tora"
      ],
      [
        4.484198821631856,
        "aoce"
      ],
      [
        4.462193439215598,
        "cora"
      ],
      [
        4.46152435111544,
        "roie"
      ],
      [
        4.427266652459855,
        "tare"
      ],
      [
        4.411387723358712,
        "rona"
      ],
      [
        4.399459551634086,
        "coia"
      ],
      [
        4.399007412282713,
        "mora"
      ],
      [
        4.396686725953748,
        "lore"
      ],
      [
        4.378499918971324,
        "tore"
      ],
      [
        4.341951472861189,
        "core"
      ],
      [
        4.3267114850857284,
        "dora"
      ],
      [
        4.2959644604932095,
        "coie"
      ],
      [
        4.2935254939695335,
        "rone"
      ],
      [
        4.278634806581825,
        "doia"
      ],
      [
        4.276246738563796,
        "more"
      ],
      [
        4.269634280191395,
        "aobe"
      ]
    ]
  },
  "4_frequency": {
    "opener": "aore",
    "entropy": 4.581200792635608,
    "top20": [
      [
        4.581200792635608,
        "aore"
      ],
      [
        4.5216200096634305,
        "cora"
      ],
      [
        4.5208814380412266,
        "lora"
      ],
      [
        4.510809916527567,
        "tora"
      ],
      [
        4.477145167123202,
        "roia"
      ],
      [
        4.447999720619191,
        "rano"
      ],
      [
        4.43203473919293,
        "sare"
      ],
      [
        4.432022823765262,
        "cera"
      ],
      [
        4.393987056093509,
        "mora"
      ],
      [
        4.3721811194875855,
        "cola"
      ],
      [
        4.357924616771949,
        "lore"
      ],
      [
        4.34983270151242,
        "dora"
      ],
      [
        4.347151806039099,
        "core"
      ],
      [
        4.346369285664064,
        "reio"
      ],
      [
        4.342112678029595,
        "tore"
      ],
      [
        4.2880565441210425,
        "rone"
      ],
      [
        4.227213632687902,
        "more"
      ],
      [
        4.216986831672041,
        "dola"
      ],
      [
        4.197383924321801,
        "ceio"
      ],
      [
        4.179857867192708,
        "bora"
      ]
    ]
  }
}