{
  "4_uniform": {
    "opener": "aore",
    "entropy": 4.6674028400243515,
    "top20": [
      [
        4.6674028400243515,
        "aore"
      ],
      [
        4.566691285046249,
        "roia"
      ],
      [
        4.509809508928866,
        "lora"
      ],
      [
        4.497023166475353,
        "tora"
      ],
      [
        4.484198821631857,
        "aoce"
      ],
      [
        4.462193439215599,
        "cora"
      ],
      [
        4.461524351115441,
        "roie"
      ],
      [
        4.427266652459855,
        "tare"
      ],
      [
        4.396686725953749,
        "lore"
      ],
      [
        4.3784999189713245,
        "tore"
      ],
      [
        4.341951472861191,
        "core"
      ],
      [
        4.2959644604932095,
        "coie"
      ],
      [
        4.2935254939695335,
        "rone"
      ],
      [
        4.2696342801913945,
        "aobe"
      ],
      [
        4.207852690789514,
        "dore"
      ],
      [
        4.1686514310784375,
        "doie"
      ],
      [
        4.1635721114657285,
        "rilo"
      ],
      [
        4.144425827008727,
        "jora"
      ],
      [
        4.137527988755558,
        "tiro"
      ],
      [
        4.123473597716458,
        "gora"
      ]
    ]
  },
  "4_frequency": {
    "opener": "aore",
    "entropy": 4.581200792635608,
    "top20": [
      [
        4.581200792635608,
        "aore"
      ],
      [
        4.5216200096634305,
        "cora"
      ],
      [
        4.520881438041227,
        "lora"
      ],
      [
        4.510809916527569,
        "tora"
      ],
      [
        4.477145167123201,
        "roia"
      ],
      [
        4.43203473919293,
        "sare"
      ],
      [
        4.432022823765263,
        "cera"
      ],
      [
        4.3579246167719505,
        "lore"
      ],
      [
        4.3471518060391,
        "core"
      ],
      [
        4.346369285664066,
        "reio"
      ],
      [
        4.342112678029597,
        "tore"
      ],
      [
        4.2880565441210425,
        "rone"
      ],
      [
        4.197383924321801,
        "ceio"
      ],
      [
        4.179857867192707,
        "bora"
      ],
      [
        4.1777260366011735,
        "dore"
      ],
      [
        4.137351012971155,
        "gora"
      ],
      [
        4.1111287877912535,
        "liro"
      ],
      [
        4.09832762975092,
        "ciro"
      ],
      [
        4.092253565798245,
        "tiro"
      ],
      [
        4.0757116958302255,
        "sita"
      ]
    ]
  }
}