{
  "6_uniform": {
    "opener": "ceriao",
    "entropy": 7.599546095240319,
    "top20": [
      [
        7.599546095240319,
        "ceriao"
      ],
      [
        7.5281829116117445,
        "cerino"
      ],
      [
        7.509188139373574,
        "cerito"
      ],
      [
        7.35448034861062,
        "cenito"
      ],
      [
        7.304630260324521,
        "coritn"
      ],
      [
        7.292884299172345,
        "cerlto"
      ],
      [
        7.291025326058035,
        "curieo"
      ],
      [
        7.277430771989973,
        "soretn"
      ],
      [
        7.242387283022803,
        "celito"
      ],
      [
        7.194398297450778,
        "corisn"
      ],
      [
        7.181673987608864,
        "perito"
      ],
      [
        7.18091640691118,
        "corits"
      ],
      [
        7.17872842255616,
        "soritn"
      ],
      [
        7.151943275863147,
        "celnto"
      ],
      [
        7.1475138150872795,
        "cerits"
      ],
      [
        7.08475912827503,
        "curito"
      ],
      [
        7.062886340351269,
        "coridn"
      ],
      [
        7.061099706104294,
        "curite"
      ],
      [
        7.056925109906276,
        "sirlto"
      ],
      [
        7.044050575429533,
        "colitn"
      ]
    ]
  },
  "6_frequency": {
    "opener": "ceriao",
    "entropy": 7.599524942941573,
    "top20": [
      [
        7.599524942941573,
        "ceriao"
      ],
      [
        7.543790137961641,
        "cerino"
      ],
      [
        7.429313289737194,
        "serito"
      ],
      [
        7.382363624636731,
        "cenito"
      ],
      [
        7.307035364761388,
        "coritn"
      ],
      [
        7.295634153471631,
        "cerido"
      ],
      [
        7.290089075679683,
        "curieo"
      ],
      [
        7.238839308965294,
        "celito"
      ],
      [
        7.229160291099759,
        "lenito"
      ],
      [
        7.21798982959194,
        "cesito"
      ],
      [
        7.176355275052945,
        "clrito"
      ],
      [
        7.170817980570395,
        "ceriln"
      ],
      [
        7.10969139303635,
        "cenlto"
      ],
      [
        7.105664608696809,
        "curito"
      ],
      [
        7.1017057923100015,
        "menito"
      ],
      [
        7.06938909623321,
        "slrito"
      ],
      [
        7.061999164505901,
        "conits"
      ],
      [
        7.047618906398449,
        "clnito"
      ],
      [
        7.02515426186216,
        "cirtdo"
      ],
      [
        7.017578188531653,
        "cemito"
      ]
    ]
  }
}